{"credit":"Made with Blockbench","textures":{"0":"mythos:item/beacon_compass","1":"mythos:item/beacon_compass_ring","particle":"mythos:item/beacon_compass"},"elements":[{"from":[5,2,7.5],"to":[11,14,8.5],"rotation":{"angle":0,"axis":"x","origin":[8,8,7.5]},"faces":{"north":{"uv":[5,14,11,2],"rotation":180,"texture":"#0"},"east":{"uv":[10,2,11,14],"texture":"#0"},"south":{"uv":[5,2,11,14],"texture":"#0"},"west":{"uv":[5,2,6,14],"texture":"#0"},"up":{"uv":[11,2,5,3],"rotation":180,"texture":"#0"},"down":{"uv":[5,13,11,14],"texture":"#0"}}},{"from":[3,3,7.5],"to":[5,13,8.5],"rotation":{"angle":0,"axis":"x","origin":[8,8,7.5]},"faces":{"north":{"uv":[3,13,5,3],"rotation":180,"texture":"#0"},"east":{"uv":[4,3,5,13],"texture":"#0"},"south":{"uv":[3,3,5,13],"texture":"#0"},"west":{"uv":[3,3,4,13],"texture":"#0"},"up":{"uv":[5,3,3,4],"rotation":180,"texture":"#0"},"down":{"uv":[3,12,5,13],"texture":"#0"}}},{"from":[11,3,7.5],"to":[13,13,8.5],"rotation":{"angle":0,"axis":"x","origin":[8,8,7.5]},"faces":{"north":{"uv":[11,13,13,3],"rotation":180,"texture":"#0"},"east":{"uv":[12,3,13,13],"texture":"#0"},"south":{"uv":[11,3,13,13],"texture":"#0"},"west":{"uv":[11,3,12,13],"texture":"#0"},"up":{"uv":[13,3,11,4],"rotation":180,"texture":"#0"},"down":{"uv":[11,12,13,13],"texture":"#0"}}},{"from":[2,4,7.5],"to":[3,12,8.5],"rotation":{"angle":0,"axis":"x","origin":[8,8,7.5]},"faces":{"north":{"uv":[2,12,3,4],"rotation":180,"texture":"#0"},"east":{"uv":[2,4,3,12],"texture":"#0"},"south":{"uv":[2,4,3,12],"texture":"#0"},"west":{"uv":[2,4,3,12],"texture":"#0"},"up":{"uv":[3,4,2,5],"rotation":180,"texture":"#0"},"down":{"uv":[2,11,3,12],"texture":"#0"}}},{"from":[13,4,7.5],"to":[14,12,8.5],"rotation":{"angle":0,"axis":"x","origin":[8,8,7.5]},"faces":{"north":{"uv":[13,12,14,4],"rotation":180,"texture":"#0"},"east":{"uv":[13,4,14,12],"texture":"#0"},"south":{"uv":[13,4,14,12],"texture":"#0"},"west":{"uv":[13,4,14,12],"texture":"#0"},"up":{"uv":[14,4,13,5],"rotation":180,"texture":"#0"},"down":{"uv":[13,11,14,12],"texture":"#0"}}},{"from":[1,5,7.5],"to":[2,11,8.5],"rotation":{"angle":0,"axis":"x","origin":[8,8,7.5]},"faces":{"north":{"uv":[1,11,2,5],"rotation":180,"texture":"#0"},"east":{"uv":[1,5,2,11],"texture":"#0"},"south":{"uv":[1,5,2,11],"texture":"#0"},"west":{"uv":[1,5,2,11],"texture":"#0"},"up":{"uv":[2,5,1,6],"rotation":180,"texture":"#0"},"down":{"uv":[1,10,2,11],"texture":"#0"}}},{"from":[14,5,7.5],"to":[15,11,8.5],"rotation":{"angle":0,"axis":"x","origin":[8,8,7.5]},"faces":{"north":{"uv":[14,11,15,5],"rotation":180,"texture":"#0"},"east":{"uv":[14,5,15,11],"texture":"#0"},"south":{"uv":[14,5,15,11],"texture":"#0"},"west":{"uv":[14,5,15,11],"texture":"#0"},"up":{"uv":[15,5,14,6],"rotation":180,"texture":"#0"},"down":{"uv":[14,10,15,11],"texture":"#0"}}},{"from":[5,7,-16],"to":[11,9,-12],"faces":{"north":{"uv":[0,0,1,1],"texture":"#1"},"east":{"uv":[0,0,1,1],"texture":"#1"},"south":{"uv":[0,0,1,1],"texture":"#1"},"west":{"uv":[0,0,1,1],"texture":"#1"},"up":{"uv":[0,0,1,1],"texture":"#1"},"down":{"uv":[0,0,1,1],"texture":"#1"}}},{"from":[5,7,-16],"to":[11,9,-12],"rotation":{"angle":-22.5,"axis":"y","origin":[8,8,8]},"faces":{"north":{"uv":[1,0,2,1],"texture":"#1"},"east":{"uv":[1,0,2,1],"texture":"#1"},"south":{"uv":[1,0,2,1],"texture":"#1"},"west":{"uv":[1,0,2,1],"texture":"#1"},"up":{"uv":[1,0,2,1],"texture":"#1"},"down":{"uv":[1,0,2,1],"texture":"#1"}}},{"from":[28,7,5],"to":[32,9,11],"rotation":{"angle":45,"axis":"y","origin":[8,8,8]},"faces":{"north":{"uv":[2,0,3,1],"rotation":90,"texture":"#1"},"east":{"uv":[2,0,3,1],"rotation":90,"texture":"#1"},"south":{"uv":[2,0,3,1],"rotation":90,"texture":"#1"},"west":{"uv":[2,0,3,1],"rotation":90,"texture":"#1"},"up":{"uv":[2,0,3,1],"rotation":90,"texture":"#1"},"down":{"uv":[2,0,3,1],"rotation":90,"texture":"#1"}}},{"from":[28,7,5],"to":[32,9,11],"rotation":{"angle":22.5,"axis":"y","origin":[8,8,8]},"faces":{"north":{"uv":[3,0,4,1],"rotation":90,"texture":"#1"},"east":{"uv":[3,0,4,1],"rotation":90,"texture":"#1"},"south":{"uv":[3,0,4,1],"rotation":90,"texture":"#1"},"west":{"uv":[3,0,4,1],"rotation":90,"texture":"#1"},"up":{"uv":[3,0,4,1],"rotation":90,"texture":"#1"},"down":{"uv":[3,0,4,1],"rotation":90,"texture":"#1"}}},{"from":[28,7,5],"to":[32,9,11],"faces":{"north":{"uv":[4,0,5,1],"texture":"#1"},"east":{"uv":[4,0,5,1],"texture":"#1"},"south":{"uv":[4,0,5,1],"texture":"#1"},"west":{"uv":[4,0,5,1],"texture":"#1"},"up":{"uv":[4,0,5,1],"texture":"#1"},"down":{"uv":[4,0,5,1],"texture":"#1"}}},{"from":[28,7,5],"to":[32,9,11],"rotation":{"angle":-22.5,"axis":"y","origin":[8,8,8]},"faces":{"north":{"uv":[5,0,6,1],"texture":"#1"},"east":{"uv":[5,0,6,1],"texture":"#1"},"south":{"uv":[5,0,6,1],"texture":"#1"},"west":{"uv":[5,0,6,1],"texture":"#1"},"up":{"uv":[5,0,6,1],"texture":"#1"},"down":{"uv":[5,0,6,1],"texture":"#1"}}},{"from":[28,7,5],"to":[32,9,11],"rotation":{"angle":-45,"axis":"y","origin":[8,8,8]},"faces":{"north":{"uv":[6,0,7,1],"texture":"#1"},"east":{"uv":[6,0,7,1],"texture":"#1"},"south":{"uv":[6,0,7,1],"texture":"#1"},"west":{"uv":[6,0,7,1],"texture":"#1"},"up":{"uv":[6,0,7,1],"texture":"#1"},"down":{"uv":[6,0,7,1],"texture":"#1"}}},{"from":[5,7,28],"to":[11,9,32],"rotation":{"angle":22.5,"axis":"y","origin":[8,8,8]},"faces":{"north":{"uv":[7,0,8,1],"texture":"#1"},"east":{"uv":[7,0,8,1],"texture":"#1"},"south":{"uv":[7,0,8,1],"texture":"#1"},"west":{"uv":[7,0,8,1],"texture":"#1"},"up":{"uv":[7,0,8,1],"texture":"#1"},"down":{"uv":[7,0,8,1],"texture":"#1"}}},{"from":[5,7,28],"to":[11,9,32],"faces":{"north":{"uv":[8,0,9,1],"texture":"#1"},"east":{"uv":[8,0,9,1],"texture":"#1"},"south":{"uv":[8,0,9,1],"texture":"#1"},"west":{"uv":[8,0,9,1],"texture":"#1"},"up":{"uv":[8,0,9,1],"texture":"#1"},"down":{"uv":[8,0,9,1],"texture":"#1"}}},{"from":[5,7,28],"to":[11,9,32],"rotation":{"angle":-22.5,"axis":"y","origin":[8,8,8]},"faces":{"north":{"uv":[9,0,10,1],"texture":"#1"},"east":{"uv":[9,0,10,1],"texture":"#1"},"south":{"uv":[9,0,10,1],"texture":"#1"},"west":{"uv":[9,0,10,1],"texture":"#1"},"up":{"uv":[9,0,10,1],"texture":"#1"},"down":{"uv":[9,0,10,1],"texture":"#1"}}},{"from":[5,7,28],"to":[11,9,32],"rotation":{"angle":-45,"axis":"y","origin":[8,8,8]},"faces":{"north":{"uv":[10,0,11,1],"texture":"#1"},"east":{"uv":[10,0,11,1],"texture":"#1"},"south":{"uv":[10,0,11,1],"texture":"#1"},"west":{"uv":[10,0,11,1],"texture":"#1"},"up":{"uv":[10,0,11,1],"texture":"#1"},"down":{"uv":[10,0,11,1],"texture":"#1"}}},{"from":[-16,7,5],"to":[-12,9,11],"rotation":{"angle":22.5,"axis":"y","origin":[8,8,8]},"faces":{"north":{"uv":[11,0,12,1],"texture":"#1"},"east":{"uv":[11,0,12,1],"texture":"#1"},"south":{"uv":[11,0,12,1],"texture":"#1"},"west":{"uv":[11,0,12,1],"texture":"#1"},"up":{"uv":[11,0,12,1],"texture":"#1"},"down":{"uv":[11,0,12,1],"texture":"#1"}}},{"from":[-16,7,5],"to":[-12,9,11],"faces":{"north":{"uv":[12,0,13,1],"texture":"#1"},"east":{"uv":[12,0,13,1],"texture":"#1"},"south":{"uv":[12,0,13,1],"texture":"#1"},"west":{"uv":[12,0,13,1],"texture":"#1"},"up":{"uv":[12,0,13,1],"texture":"#1"},"down":{"uv":[12,0,13,1],"texture":"#1"}}},{"from":[-16,7,5],"to":[-12,9,11],"rotation":{"angle":-22.5,"axis":"y","origin":[8,8,8]},"faces":{"north":{"uv":[13,0,14,1],"texture":"#1"},"east":{"uv":[13,0,14,1],"texture":"#1"},"south":{"uv":[13,0,14,1],"texture":"#1"},"west":{"uv":[13,0,14,1],"texture":"#1"},"up":{"uv":[13,0,14,1],"texture":"#1"},"down":{"uv":[13,0,14,1],"texture":"#1"}}},{"from":[-16,7,5],"to":[-12,9,11],"rotation":{"angle":-45,"axis":"y","origin":[8,8,8]},"faces":{"north":{"uv":[14,0,15,1],"texture":"#1"},"east":{"uv":[14,0,15,1],"texture":"#1"},"south":{"uv":[14,0,15,1],"texture":"#1"},"west":{"uv":[14,0,15,1],"texture":"#1"},"up":{"uv":[14,0,15,1],"texture":"#1"},"down":{"uv":[14,0,15,1],"texture":"#1"}}},{"from":[5,7,-16],"to":[11,9,-12],"rotation":{"angle":22.5,"axis":"y","origin":[8,8,8]},"faces":{"north":{"uv":[15,0,16,1],"texture":"#1"},"east":{"uv":[15,0,16,1],"texture":"#1"},"south":{"uv":[15,0,16,1],"texture":"#1"},"west":{"uv":[15,0,16,1],"texture":"#1"},"up":{"uv":[15,0,16,1],"texture":"#1"},"down":{"uv":[15,0,16,1],"texture":"#1"}}},{"from":[7,-16,5],"to":[9,-12,11],"faces":{"north":{"uv":[0,0,1,1],"rotation":90,"texture":"#1"},"east":{"uv":[0,0,1,1],"texture":"#1"},"south":{"uv":[0,0,1,1],"rotation":270,"texture":"#1"},"west":{"uv":[0,0,1,1],"rotation":180,"texture":"#1"},"up":{"uv":[0,0,1,1],"rotation":270,"texture":"#1"},"down":{"uv":[0,0,1,1],"rotation":270,"texture":"#1"}}},{"from":[7,-16,5],"to":[9,-12,11],"rotation":{"angle":22.5,"axis":"x","origin":[8,8,8]},"faces":{"north":{"uv":[1,0,2,1],"rotation":90,"texture":"#1"},"east":{"uv":[1,0,2,1],"texture":"#1"},"south":{"uv":[1,0,2,1],"rotation":270,"texture":"#1"},"west":{"uv":[1,0,2,1],"rotation":180,"texture":"#1"},"up":{"uv":[1,0,2,1],"rotation":270,"texture":"#1"},"down":{"uv":[1,0,2,1],"rotation":270,"texture":"#1"}}},{"from":[7,5,-16],"to":[9,11,-12],"rotation":{"angle":-45,"axis":"x","origin":[8,8,8]},"faces":{"north":{"uv":[2,0,3,1],"rotation":180,"texture":"#1"},"east":{"uv":[2,0,3,1],"rotation":90,"texture":"#1"},"south":{"uv":[2,0,3,1],"texture":"#1"},"west":{"uv":[2,0,3,1],"rotation":270,"texture":"#1"},"up":{"uv":[2,0,3,1],"texture":"#1"},"down":{"uv":[2,0,3,1],"texture":"#1"}}},{"from":[7,5,-16],"to":[9,11,-12],"rotation":{"angle":-22.5,"axis":"x","origin":[8,8,8]},"faces":{"north":{"uv":[3,0,4,1],"rotation":180,"texture":"#1"},"east":{"uv":[3,0,4,1],"rotation":90,"texture":"#1"},"south":{"uv":[3,0,4,1],"texture":"#1"},"west":{"uv":[3,0,4,1],"rotation":270,"texture":"#1"},"up":{"uv":[3,0,4,1],"texture":"#1"},"down":{"uv":[3,0,4,1],"texture":"#1"}}},{"from":[7,5,-16],"to":[9,11,-12],"faces":{"north":{"uv":[4,0,5,1],"rotation":90,"texture":"#1"},"east":{"uv":[4,0,5,1],"texture":"#1"},"south":{"uv":[4,0,5,1],"rotation":270,"texture":"#1"},"west":{"uv":[4,0,5,1],"rotation":180,"texture":"#1"},"up":{"uv":[4,0,5,1],"rotation":270,"texture":"#1"},"down":{"uv":[4,0,5,1],"rotation":270,"texture":"#1"}}},{"from":[7,5,-16],"to":[9,11,-12],"rotation":{"angle":22.5,"axis":"x","origin":[8,8,8]},"faces":{"north":{"uv":[5,0,6,1],"rotation":90,"texture":"#1"},"east":{"uv":[5,0,6,1],"texture":"#1"},"south":{"uv":[5,0,6,1],"rotation":270,"texture":"#1"},"west":{"uv":[5,0,6,1],"rotation":180,"texture":"#1"},"up":{"uv":[5,0,6,1],"rotation":270,"texture":"#1"},"down":{"uv":[5,0,6,1],"rotation":270,"texture":"#1"}}},{"from":[7,5,-16],"to":[9,11,-12],"rotation":{"angle":45,"axis":"x","origin":[8,8,8]},"faces":{"north":{"uv":[6,0,7,1],"rotation":90,"texture":"#1"},"east":{"uv":[6,0,7,1],"texture":"#1"},"south":{"uv":[6,0,7,1],"rotation":270,"texture":"#1"},"west":{"uv":[6,0,7,1],"rotation":180,"texture":"#1"},"up":{"uv":[6,0,7,1],"rotation":270,"texture":"#1"},"down":{"uv":[6,0,7,1],"rotation":270,"texture":"#1"}}},{"from":[7,28,5],"to":[9,32,11],"rotation":{"angle":-22.5,"axis":"x","origin":[8,8,8]},"faces":{"north":{"uv":[7,0,8,1],"rotation":90,"texture":"#1"},"east":{"uv":[7,0,8,1],"texture":"#1"},"south":{"uv":[7,0,8,1],"rotation":270,"texture":"#1"},"west":{"uv":[7,0,8,1],"rotation":180,"texture":"#1"},"up":{"uv":[7,0,8,1],"rotation":270,"texture":"#1"},"down":{"uv":[7,0,8,1],"rotation":270,"texture":"#1"}}},{"from":[7,28,5],"to":[9,32,11],"faces":{"north":{"uv":[8,0,9,1],"rotation":90,"texture":"#1"},"east":{"uv":[8,0,9,1],"texture":"#1"},"south":{"uv":[8,0,9,1],"rotation":270,"texture":"#1"},"west":{"uv":[8,0,9,1],"rotation":180,"texture":"#1"},"up":{"uv":[8,0,9,1],"rotation":270,"texture":"#1"},"down":{"uv":[8,0,9,1],"rotation":270,"texture":"#1"}}},{"from":[7,28,5],"to":[9,32,11],"rotation":{"angle":22.5,"axis":"x","origin":[8,8,8]},"faces":{"north":{"uv":[9,0,10,1],"rotation":90,"texture":"#1"},"east":{"uv":[9,0,10,1],"texture":"#1"},"south":{"uv":[9,0,10,1],"rotation":270,"texture":"#1"},"west":{"uv":[9,0,10,1],"rotation":180,"texture":"#1"},"up":{"uv":[9,0,10,1],"rotation":270,"texture":"#1"},"down":{"uv":[9,0,10,1],"rotation":270,"texture":"#1"}}},{"from":[7,28,5],"to":[9,32,11],"rotation":{"angle":45,"axis":"x","origin":[8,8,8]},"faces":{"north":{"uv":[10,0,11,1],"rotation":90,"texture":"#1"},"east":{"uv":[10,0,11,1],"texture":"#1"},"south":{"uv":[10,0,11,1],"rotation":270,"texture":"#1"},"west":{"uv":[10,0,11,1],"rotation":180,"texture":"#1"},"up":{"uv":[10,0,11,1],"rotation":270,"texture":"#1"},"down":{"uv":[10,0,11,1],"rotation":270,"texture":"#1"}}},{"from":[7,5,28],"to":[9,11,32],"rotation":{"angle":-22.5,"axis":"x","origin":[8,8,8]},"faces":{"north":{"uv":[11,0,12,1],"rotation":90,"texture":"#1"},"east":{"uv":[11,0,12,1],"texture":"#1"},"south":{"uv":[11,0,12,1],"rotation":270,"texture":"#1"},"west":{"uv":[11,0,12,1],"rotation":180,"texture":"#1"},"up":{"uv":[11,0,12,1],"rotation":270,"texture":"#1"},"down":{"uv":[11,0,12,1],"rotation":270,"texture":"#1"}}},{"from":[7,5,28],"to":[9,11,32],"faces":{"north":{"uv":[12,0,13,1],"rotation":90,"texture":"#1"},"east":{"uv":[12,0,13,1],"texture":"#1"},"south":{"uv":[12,0,13,1],"rotation":270,"texture":"#1"},"west":{"uv":[12,0,13,1],"rotation":180,"texture":"#1"},"up":{"uv":[12,0,13,1],"rotation":270,"texture":"#1"},"down":{"uv":[12,0,13,1],"rotation":270,"texture":"#1"}}},{"from":[7,5,28],"to":[9,11,32],"rotation":{"angle":22.5,"axis":"x","origin":[8,8,8]},"faces":{"north":{"uv":[13,0,14,1],"rotation":90,"texture":"#1"},"east":{"uv":[13,0,14,1],"texture":"#1"},"south":{"uv":[13,0,14,1],"rotation":270,"texture":"#1"},"west":{"uv":[13,0,14,1],"rotation":180,"texture":"#1"},"up":{"uv":[13,0,14,1],"rotation":270,"texture":"#1"},"down":{"uv":[13,0,14,1],"rotation":270,"texture":"#1"}}},{"from":[7,5,28],"to":[9,11,32],"rotation":{"angle":45,"axis":"x","origin":[8,8,8]},"faces":{"north":{"uv":[14,0,15,1],"rotation":90,"texture":"#1"},"east":{"uv":[14,0,15,1],"texture":"#1"},"south":{"uv":[14,0,15,1],"rotation":270,"texture":"#1"},"west":{"uv":[14,0,15,1],"rotation":180,"texture":"#1"},"up":{"uv":[14,0,15,1],"rotation":270,"texture":"#1"},"down":{"uv":[14,0,15,1],"rotation":270,"texture":"#1"}}},{"from":[7,-16,5],"to":[9,-12,11],"rotation":{"angle":-22.5,"axis":"x","origin":[8,8,8]},"faces":{"north":{"uv":[15,0,16,1],"rotation":90,"texture":"#1"},"east":{"uv":[15,0,16,1],"texture":"#1"},"south":{"uv":[15,0,16,1],"rotation":270,"texture":"#1"},"west":{"uv":[15,0,16,1],"rotation":180,"texture":"#1"},"up":{"uv":[15,0,16,1],"rotation":270,"texture":"#1"},"down":{"uv":[15,0,16,1],"rotation":270,"texture":"#1"}}}],"gui_light":"front","display":{"thirdperson_righthand":{"translation":[0,3,1],"scale":[0.55,0.55,0.55]},"thirdperson_lefthand":{"translation":[0,3,1],"scale":[0.55,0.55,0.55]},"firstperson_righthand":{"rotation":[0,-90,25],"translation":[1.13,3.2,1.13],"scale":[0.68,0.68,0.68]},"firstperson_lefthand":{"rotation":[0,-90,25],"translation":[1.13,3.2,1.13],"scale":[0.68,0.68,0.68]},"ground":{"translation":[0,26.75,0],"scale":[0.5,0.5,0.5]},"head":{"rotation":[0,180,0],"translation":[0,13,7]},"fixed":{"rotation":[0,180,0]}},"groups":[{"name":"beacon_compass_0","origin":[8,8,8],"nbt":"{}","children":[0,1,2,3,4,5,6]},{"name":"particles","origin":[8,8,8],"nbt":"{}","children":[7,8,9,10,11,12,13,14,15,16,17,18,19,20,21,22]},{"name":"particles","origin":[8,8,8],"nbt":"{}","children":[23,24,25,26,27,28,29,30,31,32,33,34,35,36,37,38]}]}